{"count":1,"gauges":{"surgery.CumulativeReward":{"count":29147,"max":1,"min":-1,"value":-1,"weightedAverage":0.156488061}},"self":2897.23904,"total":4206.2742195,"children":{"AgentSendState":{"count":5000284,"self":23.2413872,"total":33.9308131,"children":{"CollectObservations":{"count":500029,"self":2.0330024,"total":2.0330024,"children":null},"CollectDiscreteActionMasks":{"count":500029,"self":0.810338,"total":0.810338,"children":null},"AgentInfo.ToProto":{"count":500029,"self":3.2413551999999997,"total":7.8460848,"children":{"GenerateSensorData":{"count":500029,"self":4.6047296,"total":4.6047294999999995,"children":null}}}}},"DecideAction":{"count":5000284,"self":1258.2884351999999,"total":1258.2884241,"children":null},"AgentAct":{"count":5000284,"self":16.3520352,"total":16.8148785,"children":{"AgentInfo.ToProto":{"count":29147,"self":0.2030599,"total":0.462843,"children":{"GenerateSensorData":{"count":29147,"self":0.2597831,"total":0.2597831,"children":null}}}}}}}