{"cameraMode":{"drawMode":0,"name":"Shaded","section":"Shading Mode"},"sceneLighting":true,"audioPlay":false,"sceneViewState":{"showFog":true,"showMaterialUpdate":false,"showSkybox":true,"showFlares":true,"showImageEffects":true,"showParticleSystems":true},"in2DMode":false,"pivot":{"x":-3.2538225650787355,"y":1.5720300674438477,"z":9.399707794189454},"rotation":{"x":-0.6529144644737244,"y":0.004196110647171736,"z":-0.0034186039119958879,"w":-0.757601797580719},"size":8.244368553161621,"orthographic":true}